-- MySQL dump 10.13  Distrib 8.0.31, for Win64 (x86_64)
--
-- Host: localhost    Database: quadgenassesmentportal
-- ------------------------------------------------------
-- Server version	8.0.31

/*!40101 SET @OLD_CHARACTER_SET_CLIENT=@@CHARACTER_SET_CLIENT */;
/*!40101 SET @OLD_CHARACTER_SET_RESULTS=@@CHARACTER_SET_RESULTS */;
/*!40101 SET @OLD_COLLATION_CONNECTION=@@COLLATION_CONNECTION */;
/*!50503 SET NAMES utf8 */;
/*!40103 SET @OLD_TIME_ZONE=@@TIME_ZONE */;
/*!40103 SET TIME_ZONE='+00:00' */;
/*!40014 SET @OLD_UNIQUE_CHECKS=@@UNIQUE_CHECKS, UNIQUE_CHECKS=0 */;
/*!40014 SET @OLD_FOREIGN_KEY_CHECKS=@@FOREIGN_KEY_CHECKS, FOREIGN_KEY_CHECKS=0 */;
/*!40101 SET @OLD_SQL_MODE=@@SQL_MODE, SQL_MODE='NO_AUTO_VALUE_ON_ZERO' */;
/*!40111 SET @OLD_SQL_NOTES=@@SQL_NOTES, SQL_NOTES=0 */;

--
-- Table structure for table `assessments`
--

DROP TABLE IF EXISTS `assessments`;
/*!40101 SET @saved_cs_client     = @@character_set_client */;
/*!50503 SET character_set_client = utf8mb4 */;
CREATE TABLE `assessments` (
  `AssessmentID` int NOT NULL AUTO_INCREMENT,
  `AssessmentName` longtext NOT NULL,
  `Description` longtext,
  `AssessmentDate` date NOT NULL,
  `Questionnaire` json NOT NULL,
  `MaximumScore` int NOT NULL,
  `Duration` int NOT NULL,
  `CreatedOn` datetime NOT NULL,
  `CreatedBy` varchar(255) NOT NULL,
  `LastUpated` datetime DEFAULT NULL,
  `AssesmentKey` varchar(100) NOT NULL,
  PRIMARY KEY (`AssessmentID`)
) ENGINE=InnoDB AUTO_INCREMENT=15 DEFAULT CHARSET=utf8mb4 COLLATE=utf8mb4_0900_ai_ci;
/*!40101 SET character_set_client = @saved_cs_client */;

--
-- Dumping data for table `assessments`
--

LOCK TABLES `assessments` WRITE;
/*!40000 ALTER TABLE `assessments` DISABLE KEYS */;
INSERT INTO `assessments` VALUES (1,'text exama1','black box testing','0000-00-00','{\"Date\": \"2023-05-25\", \"Title\": \"text exama1\", \"Duration\": \"30\", \"Section1\": {\"MaxScore\": 12, \"Question1\": {\"type\": \"MCQ\", \"point\": \"6\", \"answer\": \"yt\", \"options\": {\"Option1\": \"kuygkuy\", \"Option2\": \"yt\", \"Option3\": \"tiuytiu\", \"Option4\": \"uyty\"}, \"question\": \"liwuehldj\", \"correctOption\": \"2\"}, \"Question2\": {\"type\": \"MCQ\", \"point\": \"6\", \"answer\": \"iuytu\", \"options\": {\"Option1\": \"uiyivuyti\", \"Option2\": \"uytuyt\", \"Option3\": \"uytiuyuy\", \"Option4\": \"iuytu\"}, \"question\": \"dkieuhwiuhi\", \"correctOption\": \"4\"}}, \"TotalScore\": 12, \"Description\": \"black box testing\"}',12,30,'2023-05-23 13:38:01','QGI473',NULL,'fgbUffk9TJFEzazw9Hypzm5GzEUipi'),(2,'GK about atmosphere ','No negative marks ','0000-00-00','{\"Date\": \"2023-05-25\", \"Title\": \"GK about atmosphere \", \"Duration\": \"40\", \"Section1\": {\"MaxScore\": 2, \"Question1\": {\"type\": \"MCQ\", \"point\": \"2\", \"answer\": \"65\", \"options\": {\"Option1\": \"21\", \"Option2\": \"65\", \"Option3\": \"41\", \"Option4\": \"55\"}, \"question\": \"Percentage of Nitrogen\", \"correctOption\": \"2\"}}, \"Section2\": {\"MaxScore\": 7, \"Question1\": {\"type\": \"MCQ\", \"point\": \"2\", \"answer\": \"9\", \"options\": {\"Option1\": \"2\", \"Option2\": \"5\", \"Option3\": \"\", \"Option4\": \"9\"}, \"question\": \"Number of layers in the atmosphere \", \"correctOption\": \"4\"}, \"Question2\": {\"type\": \"MCQ\", \"point\": \"5\", \"answer\": \"protective\", \"options\": {\"Option1\": \"protective\", \"Option2\": \"destructive \", \"Option3\": \"useless\", \"Option4\": \"None of the above\"}, \"question\": \"Ozone layer is\", \"correctOption\": \"1\"}}, \"TotalScore\": 9, \"Description\": \"No negative marks \"}',9,40,'2023-05-23 14:13:37','QGI465',NULL,'sSqHZpvDp46zPGDDO1m9iwMakVFrJn'),(3,'Polution lkjhf','jhergkue','0000-00-00','{\"Date\": \"2023-05-31\", \"Title\": \"Polution lkjhf\", \"Duration\": \"50\", \"Section1\": {\"MaxScore\": 8, \"Question1\": {\"type\": \"MCQ\", \"point\": \"2\", \"answer\": \"\", \"options\": {\"Option1\": \"jhygf\", \"Option2\": \"uytfuyguy\", \"Option3\": \"yutfuytf\", \"Option4\": \"ytfuyt\"}, \"question\": \"sjchrkhkuj\", \"correctOption\": null}, \"Question2\": {\"type\": \"MCQ\", \"point\": \"6\", \"answer\": \"\", \"options\": {\"Option1\": \"uyguyguy\", \"Option2\": \"jhgfuyuyt\", \"Option3\": \"uytfuyt\", \"Option4\": \"htfytfyt\"}, \"question\": \"jybguygiuy\", \"correctOption\": null}}, \"Section2\": {\"MaxScore\": 8, \"Question1\": {\"type\": \"MCQ\", \"point\": \"8\", \"answer\": \"\", \"options\": {\"Option1\": \"mjhg\", \"Option2\": \"hgfchgf\", \"Option3\": \"hgfcgf\", \"Option4\": \"fgdxgf\"}, \"question\": \" gvjhgvjhgkjh\", \"correctOption\": null}}, \"Section3\": {\"MaxScore\": 10, \"Question1\": {\"type\": \"MCQ\", \"point\": \"10\", \"answer\": \"\", \"options\": {\"Option1\": \"kjhkj\", \"Option2\": \"kjhvkj\", \"Option3\": \"iuhiu\", \"Option4\": \"kjhgkjh\"}, \"question\": \"iuhiufgjhg\", \"correctOption\": null}}, \"TotalScore\": 26, \"Description\": \"jhergkue\"}',26,50,'2023-05-23 16:20:58','QGI465',NULL,'7um0gmykKoasfHekInUyvWe7yFTrhU'),(4,'Magellan Tool Certification Assessment','Just for testing ','0000-00-00','{\"Date\": \"2023-05-28\", \"Title\": \"Magellan Tool Certification Assessment\", \"Duration\": \"30\", \"Section1\": {\"MaxScore\": 3, \"Question1\": {\"type\": \"MCQ\", \"point\": \"1\", \"answer\": \"Job Automatically will close with last view location.\", \"options\": {\"Option1\": \"Job Automatically will close with last view location.\", \"Option2\": \"Job Automatically will close with last view location.\", \"Option3\": \"Job Automatically will close with last view location.\", \"Option4\": \"Job will delete Automatically.\"}, \"question\": \"Once you have opened a job and returned to Job \\nmanagement, then what will happen?\", \"correctOption\": \"1\"}, \"Question2\": {\"type\": \"MCQ\", \"point\": \"1\", \"answer\": \"You can submit an RDC ticket to recover the job.\", \"options\": {\"Option1\": \"You can undo the delete action.\", \"Option2\": \"You can submit an RDC ticket to recover the job.\", \"Option3\": \"The job is gone forever.\", \"Option4\": \" It only deletes a copy of your job.\"}, \"question\": \"If you delete a job...\", \"correctOption\": \"2\"}, \"Question3\": {\"type\": \"MCQ\", \"point\": \"1\", \"answer\": \"\", \"options\": {\"Option1\": \"ump back and forth between different jobs.\", \"Option2\": \"Update job name and description\", \"Option3\": \"Create and maintain jobs across multiple regions.\", \"Option4\": \"All the above\"}, \"question\": \"Job Management Page makes it easy to...\", \"correctOption\": null}}, \"Section2\": {\"MaxScore\": 5, \"Question1\": {\"type\": \"MCQ\", \"point\": \"2\", \"answer\": \"Previous and Next\", \"options\": {\"Option1\": \"Home and last\", \"Option2\": \"Specific x & y and Home\", \"Option3\": \"UUID and Last\", \"Option4\": \"Previous and Next\"}, \"question\": \"What are the two location view options when opening an in-progress workspace ?\", \"correctOption\": \"4\"}, \"Question2\": {\"type\": \"MCQ\", \"point\": \"3\", \"answer\": \"FSE Team\", \"options\": {\"Option1\": \"Construction Team\", \"Option2\": \"FSE Team\", \"Option3\": \" Your supervisor\", \"Option4\": \"The job Creator\"}, \"question\": \"Who is responsible for merging your jobs? \", \"correctOption\": \"2\"}}, \"TotalScore\": 8, \"Description\": \"Just for testing \"}',8,30,'2023-05-26 15:47:45','QGI532',NULL,'GZONTia7HZUaOyS0id2xsuFpoh0ATg'),(5,'Magellan Tool Certification Assessment','Bottom Panel Tools (Navigation and Manipulation Tools)','0000-00-00','{\"Date\": \"2023-05-31\", \"Title\": \"Magellan Tool Certification Assessment\", \"Duration\": \"20\", \"Section1\": {\"MaxScore\": 8, \"Question1\": {\"type\": \"MCQ\", \"point\": \"2\", \"answer\": \"All saved views, plus \\\"HOME\\\" view\", \"options\": {\"Option1\": \"Only \\\"HOME\\\" view\", \"Option2\": \" Only recently saved views\", \"Option3\": \"All saved views, plus \\\"HOME\\\" view\", \"Option4\": \"None - \\\"HOME\\\" view is pre-selected from Job Management\"}, \"question\": \"What views are available in all of your jobs?\", \"correctOption\": \"3\"}, \"Question2\": {\"type\": \"MCQ\", \"point\": \"6\", \"answer\": \"Saved Views\", \"options\": {\"Option1\": \"Refresh Map\", \"Option2\": \"Saved Views\", \"Option3\": \"Windows Area\", \"Option4\": \"Next View\"}, \"question\": \"Which Tool will returns to the next view location?\", \"correctOption\": \"2\"}}, \"TotalScore\": 8, \"Description\": \"Bottom Panel Tools (Navigation and Manipulation Tools)\"}',8,20,'2023-05-29 10:54:11','QGI473',NULL,'XxQZ6k8LGHloQTQEn2GWt18hTEhzML'),(6,'Tets ','test desc','0000-00-00','{\"Date\": \"2023-05-30\", \"Title\": \"Tets \", \"Duration\": \"30\", \"Section1\": {\"MaxScore\": 2, \"Question1\": {\"type\": \"MCQ\", \"point\": \"2\", \"answer\": \"ajith\", \"options\": {\"Option1\": \"ajith\", \"Option2\": \"kumar\", \"Option3\": \"mani\", \"Option4\": \"sanjay\"}, \"question\": \"what is your name ..?\", \"correctOption\": \"1\"}}, \"TotalScore\": 2, \"Description\": \"test desc\"}',2,30,'2023-05-29 16:25:15','QGI465',NULL,'32ck8Oc9VzHc6zGJOn9DUmKOhgf5tK'),(7,'rtgrtg','','0000-00-00','{\"Date\": \"2023-05-30\", \"Title\": \"rtgrtg\", \"Duration\": \"20\", \"Section1\": {\"MaxScore\": 2, \"Question1\": {\"type\": \"Boolean\", \"point\": \"2\", \"answer\": \"False\", \"options\": {}, \"question\": \"I\'m looking good....?\", \"correctOption\": \"False\"}}, \"Section2\": {\"MaxScore\": 3, \"Question1\": {\"type\": \"MCQ\", \"point\": \"3\", \"answer\": \"treyt4ey54e654\", \"options\": {\"Option1\": \"u7ti76t7\", \"Option2\": \"65765u765u76\", \"Option3\": \"yruy54u65465\", \"Option4\": \"treyt4ey54e654\"}, \"question\": \"urtiwuetyiesugcewircfysiereid\", \"correctOption\": \"4\"}}, \"TotalScore\": 5, \"Description\": \"\"}',5,20,'2023-05-29 17:39:31','QGI469',NULL,'tmMuaC6u3Px8v1I8IEQklMNF4HPXxf'),(8,'sejcgteujUytuyT','u','0000-00-00','{\"Date\": \"2023-09-08\", \"Title\": \"sejcgteujUytuyT\", \"Duration\": \"76\", \"Section1\": {\"MaxScore\": 1, \"Question1\": {\"type\": \"Boolean\", \"point\": \"1\", \"answer\": \"False\", \"options\": {}, \"question\": \"xzverg\", \"correctOption\": \"False\"}}, \"TotalScore\": 1, \"Description\": \"u\"}',1,76,'2023-05-29 17:39:31','QGI469',NULL,'pWIQaEhhs9ofrmVJ9JOa5Fnzfrqr6K'),(9,'summa ','w,ekjhkju','0000-00-00','{\"Date\": \"2023-05-31\", \"Title\": \"summa \", \"Duration\": \"20\", \"Section1\": {\"MaxScore\": 2, \"Question1\": {\"type\": \"Boolean\", \"point\": \"2\", \"answer\": \"True\", \"options\": {\"Option1\": \"True\", \"Option2\": \"False\"}, \"question\": \"kjghjg\", \"correctOption\": \"True\"}}, \"TotalScore\": 2, \"Description\": \"w,ekjhkju\"}',2,20,'2023-05-29 17:55:33','QGI475',NULL,'2HTny8xKbPTJgleo6viguJNBQiIHQW'),(10,'Computer Fundamentals','New test with cut off','0000-00-00','{\"Date\": \"2023-06-03\", \"Title\": \"Computer Fundamentals\", \"Cutoff\": \"80\", \"Duration\": \"5\", \"Section1\": {\"MaxScore\": 7, \"Question1\": {\"type\": \"MCQ\", \"point\": \"2\", \"answer\": \"PROLOG\", \"options\": {\"Option1\": \"PROLOG\", \"Option2\": \"PROLOG\", \"Option3\": \"PROLOG\", \"Option4\": \"C\"}, \"question\": \"Which of these computer languages do we use in artificial intelligence?\", \"correctOption\": \"1\"}, \"Question2\": {\"type\": \"MCQ\", \"point\": \"2\", \"answer\": \"Control unit\", \"options\": {\"Option1\": \"Logic unit\", \"Option2\": \"Control unit\", \"Option3\": \" Storage unit\", \"Option4\": \"Input\"}, \"question\": \"Which of these parts would interpret a program’s instructions to initiate the control operations?\", \"correctOption\": \"2\"}, \"Question3\": {\"type\": \"Boolean\", \"point\": \"3\", \"answer\": \"False\", \"options\": {\"Option1\": \"True\", \"Option2\": \"False\"}, \"question\": \"The 1’s complement of 10 is 11?\", \"correctOption\": \"False\"}}, \"Section2\": {\"MaxScore\": 5, \"Question1\": {\"type\": \"MCQ\", \"point\": \"2\", \"answer\": \"Frame\", \"options\": {\"Option1\": \"Group\", \"Option2\": \"Block\", \"Option3\": \"Frame\", \"Option4\": \"Path\"}, \"question\": \"The 1’s complement of 10 is:\", \"correctOption\": \"3\"}, \"Question2\": {\"type\": \"Boolean\", \"point\": \"3\", \"answer\": \"False\", \"options\": {\"Option1\": \"True\", \"Option2\": \"False\"}, \"question\": \"A list of various coded instructions is known as FlowChart\", \"correctOption\": \"False\"}}, \"TotalScore\": 12, \"Description\": \"New test with cut off\"}',12,5,'2023-06-02 18:27:40','QGI469',NULL,'JNl11oKSQAd1t5cft54bHTcVGQebZg'),(11,'Magellan Tool Certification Assessment','Left Panel','0000-00-00','{\"Date\": \"2023-06-03\", \"Title\": \"Magellan Tool Certification Assessment\", \"Cutoff\": \"60\", \"Duration\": \"5\", \"Section1\": {\"MaxScore\": 4, \"Question1\": {\"type\": \"MCQ\", \"point\": \"1\", \"answer\": \"False\", \"options\": {\"Option1\": \"Support\", \"Option2\": \"Coax\", \"Option3\": \"Fiber\", \"Option4\": \"All the above\"}, \"question\": \"Which modules are contained within the Workstream tool?\", \"correctOption\": \"4\"}, \"Question2\": {\"type\": \"MCQ\", \"point\": \"1\", \"answer\": \"Utilities – Amend Build State\", \"options\": {\"Option1\": \"Utilities – Reference Image\", \"Option2\": \"Work stream - Coax\", \"Option3\": \"Utilities – Amend Build State\", \"Option4\": \"Utilities – Boundary Association\"}, \"question\": \"Which tool is used to set the build state for all elements at one time?\", \"correctOption\": \"3\"}, \"Question3\": {\"type\": \"MCQ\", \"point\": \"1\", \"answer\": \"Utilities\", \"options\": {\"Option1\": \"Layers Tool\", \"Option2\": \"Utilities\", \"Option3\": \"Work Stream\", \"Option4\": \"Conflicts\"}, \"question\": \"Which tool will be used to Notifies the designer about affected changes while merging?\", \"correctOption\": \"2\"}, \"Question4\": {\"type\": \"MCQ\", \"point\": \"1\", \"answer\": \"Utilities – Reference Image\", \"options\": {\"Option1\": \"Utilities – Reference Image\", \"Option2\": \"Work stream - Coax\", \"Option3\": \"Utilities – Amend Build State\", \"Option4\": \"Utilities – Boundary Association\"}, \"question\": \"Which tool is used to Associate all the elements to node boundary?\", \"correctOption\": \"1\"}}, \"Section2\": {\"MaxScore\": 9, \"Question1\": {\"type\": \"MCQ\", \"point\": \"1\", \"answer\": \"Dark\", \"options\": {\"Option1\": \"Dark\", \"Option2\": \"Light\", \"Option3\": \"Satellite\", \"Option4\": \"None of the above\"}, \"question\": \"Which Map style is default map style with dark background and colorful design elements?\", \"correctOption\": \"1\"}, \"Question2\": {\"type\": \"Boolean\", \"point\": \"1\", \"answer\": \"True\", \"options\": {\"Option1\": \"True\", \"Option2\": \"False\"}, \"question\": \"Left Panel icons can be rearranged as user wants.\", \"correctOption\": \"True\"}, \"Question3\": {\"type\": \"Boolean\", \"point\": \"1\", \"answer\": \"False\", \"options\": {\"Option1\": \"True\", \"Option2\": \"False\"}, \"question\": \"Selecting an element should automatically open the inspector panel if no other tools/tool panels are active.\", \"correctOption\": \"False\"}, \"Question4\": {\"type\": \"MCQ\", \"point\": \"1\", \"answer\": \"OTDR report\", \"options\": {\"Option1\": \"BOM report\", \"Option2\": \"HAF report\", \"Option3\": \"Splice report\", \"Option4\": \"OTDR report\"}, \"question\": \"Which of the following reports is not available from the Reports Tool?\", \"correctOption\": \"4\"}, \"Question5\": {\"type\": \"Boolean\", \"point\": \"4\", \"answer\": \"True\", \"options\": {\"Option1\": \"True\", \"Option2\": \"False\"}, \"question\": \"Key Bindings can be changed by the user from the Settings tool.\", \"correctOption\": \"True\"}, \"Question6\": {\"type\": \"Boolean\", \"point\": \"1\", \"answer\": \"\", \"options\": {\"Option1\": \"True\", \"Option2\": \"False\"}, \"question\": \"The search tool can be used to find any element in Magellan.\", \"correctOption\": \"False\"}}, \"TotalScore\": 13, \"Description\": \"Left Panel\"}',13,5,'2023-06-02 19:20:26','QGI498',NULL,'tv61FiFcDglMvu4KUfneQzWiET7I5q'),(12,'New Testing','with Image','0000-00-00','{\"Date\": \"2023-06-18\", \"Title\": \"New Testing\", \"Cutoff\": \"50\", \"Duration\": \"20\", \"Section1\": {\"MaxScore\": 12, \"Question1\": {\"type\": \"Boolean\", \"point\": \"5\", \"answer\": \"False\", \"options\": {\"Option1\": \"True\", \"Option2\": \"False\"}, \"question\": \"akucytgfueyrkjyjhgfhtfryt\", \"correctOption\": \"False\", \"referenceImage\": \"QGI530_1Capture.PNG_1686920186628.PNG\"}, \"Question2\": {\"type\": \"Boolean\", \"point\": \"7\", \"answer\": \"True\", \"options\": {\"Option1\": \"True\", \"Option2\": \"False\"}, \"question\": \"jhyteuryil;jlokljbvicxtretyuiopp;lkjvcgtr\", \"correctOption\": \"True\", \"referenceImage\": \"QGI530_2.png_1686920201443.png\"}}, \"TotalScore\": 12, \"Description\": \"with Image\"}',12,20,'2023-06-16 18:10:34','QGI530',NULL,'XXH5HKNqW1DFoyucRzqcyLzqGaAhtb'),(13,'testing night','with mouna','0000-00-00','{\"Date\": \"2023-06-16\", \"Title\": \"testing night\", \"Cutoff\": \"50\", \"Duration\": \"10\", \"Section1\": {\"MaxScore\": 14, \"Question1\": {\"type\": \"Boolean\", \"point\": \"2\", \"answer\": \"True\", \"options\": {\"Option1\": \"True\", \"Option2\": \"False\"}, \"question\": \"jytruyilhkjjoiuyretybuiomjp,k[.l\", \"correctOption\": \"True\", \"referenceImage\": \"QGI469_Screenshot 2022-05-23 064517.png_1686930251895.png\"}, \"Question2\": {\"type\": \"Boolean\", \"point\": \"5\", \"answer\": \"True\", \"options\": {\"Option1\": \"True\", \"Option2\": \"False\"}, \"question\": \"jrtyectuviopm\", \"correctOption\": \"True\", \"referenceImage\": \"QGI469_11.png_1686930230660.png\"}, \"Question3\": {\"type\": \"Boolean\", \"point\": \"7\", \"answer\": \"True\", \"options\": {\"Option1\": \"True\", \"Option2\": \"False\"}, \"question\": \"tryui8o90pplkmnjbhvgfty8u9iopl;\", \"correctOption\": \"True\", \"referenceImage\": \"QGI469_logo1.PNG_1686930243670.PNG\"}}, \"TotalScore\": 14, \"Description\": \"with mouna\"}',14,10,'2023-06-16 21:13:17','QGI469',NULL,'rBgqJe86IAgBJZ03tGPgTxP0mQos0u'),(14,'Test when Setting points ','summa oru try','0000-00-00','{\"Date\": \"2023-06-21\", \"Title\": \"Test when Setting points \", \"Cutoff\": \"50\", \"Duration\": \"6\", \"Section1\": {\"MaxScore\": 15, \"Question1\": {\"type\": \"MCQ\", \"point\": \"2\", \"answer\": \"mjuytrfytfkugyiu\", \"options\": {\"Option1\": \"jytrfyctwxr4eryt\", \"Option2\": \"kyrtuytv\", \"Option3\": \"ltrewtrdyt ytryt\", \"Option4\": \"mjuytrfytfkugyiu\"}, \"question\": \"Myuytvyutrtvdfugbhljkhk\", \"correctOption\": \"4\", \"referenceImage\": \"QGI478_Screenshot (43).png_1687265257765.png\"}, \"Question2\": {\"type\": \"Boolean\", \"point\": \"4\", \"answer\": \"True\", \"options\": {\"Option1\": \"True\", \"Option2\": \"False\"}, \"question\": \"ok or not ok\", \"correctOption\": \"True\"}, \"Question3\": {\"type\": \"MCQ\", \"point\": \"9\", \"answer\": \"kmiguyguhn\", \"options\": {\"Option1\": \"ijhguyuyt\", \"Option2\": \"jtrectrdyut\", \"Option3\": \"kmiguyguhn\", \"Option4\": \"lniuguygh\"}, \"question\": \"htrcyukfjyjtfytjh\", \"correctOption\": \"3\"}, \"SectionName\": \"My Local Section\"}, \"Section2\": {\"MaxScore\": 17, \"Question1\": {\"type\": \"Boolean\", \"point\": \"5\", \"answer\": \"True\", \"options\": {\"Option1\": \"True\", \"Option2\": \"False\"}, \"question\": \"skiuyriuyiruyier7fiue\", \"correctOption\": \"True\", \"referenceImage\": \"QGI478_Screenshot (13).png_1687265358070.png\"}, \"Question2\": {\"type\": \"MCQ\", \"point\": \"8\", \"answer\": \"yjystfvhsgjd\", \"options\": {\"Option1\": \"xjusytusgrkvuhr\", \"Option2\": \"yjystfvhsgjd\", \"Option3\": \"zuyrgbkeuygruyfe\", \"Option4\": \"aeferjekyuky\"}, \"question\": \"wjrytfuysgbkuygduje\", \"correctOption\": \"2\", \"referenceImage\": \"QGI478_Screenshot (15).png_1687265411295.png\"}, \"Question3\": {\"type\": \"Boolean\", \"point\": \"4\", \"answer\": \"False\", \"options\": {\"Option1\": \"True\", \"Option2\": \"False\"}, \"question\": \"pkuyrgtiufebgeurfer\", \"correctOption\": \"False\"}, \"SectionName\": \"GK Section\"}, \"TotalScore\": 32, \"Description\": \"summa oru try\"}',32,6,'2023-06-20 18:08:05','QGI478',NULL,'fhEWuJBoraybZn6nleeszQxFqBUrah');
/*!40000 ALTER TABLE `assessments` ENABLE KEYS */;
UNLOCK TABLES;

--
-- Table structure for table `questions`
--

DROP TABLE IF EXISTS `questions`;
/*!40101 SET @saved_cs_client     = @@character_set_client */;
/*!50503 SET character_set_client = utf8mb4 */;
CREATE TABLE `questions` (
  `id` int NOT NULL AUTO_INCREMENT,
  `question` varchar(255) NOT NULL,
  `option1` varchar(255) NOT NULL,
  `option2` varchar(255) NOT NULL,
  `option3` varchar(255) NOT NULL,
  `option4` varchar(255) NOT NULL,
  `answer` varchar(255) NOT NULL,
  `question_type` enum('MCQ','Boolean') NOT NULL,
  PRIMARY KEY (`id`)
) ENGINE=InnoDB AUTO_INCREMENT=39 DEFAULT CHARSET=utf8mb4 COLLATE=utf8mb4_0900_ai_ci;
/*!40101 SET character_set_client = @saved_cs_client */;

--
-- Dumping data for table `questions`
--

LOCK TABLES `questions` WRITE;
/*!40000 ALTER TABLE `questions` DISABLE KEYS */;
INSERT INTO `questions` VALUES (1,'Example of NoSQL Data Base','MySQL','Mongo DB','Oracal','Sql Lite','Mongo DB','MCQ'),(2,'What is the term for a temporary storage area that compensates for differences in data rate and data flow between devices?','Buffer','Bus','Buffer','Buffer','Buffer','MCQ'),(3,'name','murugan','vasu','mani','ajith','','MCQ'),(4,'location','bangalore','chebai','miunbau','dlhi','','MCQ'),(5,'qualification','mCA','BA','com','a','mCA','MCQ'),(6,'good name','manatha','mouna','poojitha','divya','manatha','MCQ'),(7,'the boys','mainsh','manoj','madhan','kd','mainsh','MCQ'),(8,'sdsds','se.ma','oiublo','iloiuliu','liuliouli','','MCQ'),(9,'linupoi','iuyiluy','ilnuybiu','yiuyiuyoi','uyoiuyoi','','MCQ'),(10,'.sjkckjanklj','ilubhiuh','jhbkjuh','kjhkj','uhkuj','','MCQ'),(11,'iouhlsijh','jhgkjhk','kjhkhk','kjhkl','lkjhlkj','kjhkl','MCQ'),(12,'k;lk;lk;l','jlkj;lj;l','lijmio','jjjjjjjj','hhhhhhhhhhhsj','lijmio','MCQ'),(13,'skedhlkujh','kuvylkh','.libulkj.','lkjlij;','oij;','','MCQ'),(14,'q1','kjhn','kj','lkjbl','kbjl','','MCQ'),(15,'loiubli','loivuyliuyil','luhlkuh','liuyliuyh','iyuilk','','MCQ'),(16,'sietuoeiu','kuyku','kuyiuh','lyiuh','oi','','MCQ'),(17,'pooo','diii','venna','pakki','loosu','','MCQ'),(18,'r;lkcfml','kuhbliuhli','nlkuhiouh','hiuhoiu','hyuoi','','MCQ'),(19,'uygoiuhjlik','kjnh;lk','jbhguy','vytfvuyt','hjg ih','','MCQ'),(20,'jijiji','okok','a,jhkajh','jgvjcytrg','tyutuytf','okok','MCQ'),(21,'pooda','venna','bulb','light','sun','bulb','MCQ'),(22,'oiu;liou','iuykvuyk','iuyiuy','iouyoiuy','iuyiu','iouyoiuy','MCQ'),(23,'oliuoi','liuoi','oiupoiu','oiuoi','oiuoi','','MCQ'),(24,'oiuliu','iluyliu','uyiuyl','uyiluyl','iuyoiuy','uyiuyl','MCQ'),(25,'kuylviuy','uyiu','uykiuyk','iuyiu','uyi','uyi','MCQ'),(26,'saiduyuiygiu','jiiuhi','iuhoiu','iuhoiu','iuyi','iuyi','MCQ'),(27,'xldivjfoijoi','hliuhl','lkhlk','lkjhlkjh','lkjhlkj','lkjhlkj','MCQ'),(28,'fyhjvkjhg','kjhg','jhgk','jhguytiuyuyt','iuytiuytiuy','kjhg','MCQ'),(29,'','','','','','','MCQ'),(30,'','','','','','','MCQ'),(31,'','','','','','','MCQ'),(32,'','','','','','','MCQ'),(33,'','','','','','','MCQ'),(34,'','','','','','','MCQ'),(35,'','','','','','','MCQ'),(36,'','','','','','','MCQ'),(37,'','','','','','','MCQ'),(38,'','','','','','','MCQ');
/*!40000 ALTER TABLE `questions` ENABLE KEYS */;
UNLOCK TABLES;

--
-- Table structure for table `responces`
--

DROP TABLE IF EXISTS `responces`;
/*!40101 SET @saved_cs_client     = @@character_set_client */;
/*!50503 SET character_set_client = utf8mb4 */;
CREATE TABLE `responces` (
  `idresponces` int NOT NULL AUTO_INCREMENT,
  `AssessmentID` varchar(45) NOT NULL,
  `answerscript` json NOT NULL,
  `obtainedmarks` json NOT NULL,
  `employeeid` varchar(45) NOT NULL,
  `date` datetime NOT NULL,
  `remarks` longtext,
  PRIMARY KEY (`idresponces`)
) ENGINE=InnoDB AUTO_INCREMENT=5 DEFAULT CHARSET=utf8mb4 COLLATE=utf8mb4_0900_ai_ci;
/*!40101 SET character_set_client = @saved_cs_client */;

--
-- Dumping data for table `responces`
--

LOCK TABLES `responces` WRITE;
/*!40000 ALTER TABLE `responces` DISABLE KEYS */;
INSERT INTO `responces` VALUES (1,'14','{\"Remarks\": \"\", \"Section1\": {\"Question1\": {\"question\": \"Myuytvyutrtvdfugbhljkhk\", \"correctOption\": \"jytrfyctwxr4eryt\"}, \"Question2\": {\"question\": \"ok or not ok\", \"correctOption\": \"True\"}, \"Question3\": {\"question\": \"htrcyukfjyjtfytjh\", \"correctOption\": \"ijhguyuyt\"}}, \"Section2\": {\"Question1\": {\"question\": \"skiuyriuyiruyier7fiue\", \"correctOption\": \"False\"}, \"Question2\": {\"question\": \"wjrytfuysgbkuygduje\", \"correctOption\": \"zuyrgbkeuygruyfe\"}, \"Question3\": {\"question\": \"pkuyrgtiufebgeurfer\", \"correctOption\": \"True\"}}, \"AssessmentID\": \"14\"}','{\"Message\": \"Unfortunately, you have not met the passing criteria for the exam.\", \"Section1\": 4, \"Section2\": 0, \"TotalScore\": 4, \"SecuredPercentage\": \"13\"}','QGI454','2023-06-27 18:26:44',''),(2,'3','{\"Remarks\": \"\", \"Section1\": {\"Question1\": {\"question\": \"sjchrkhkuj\", \"correctOption\": \"jhygf\"}, \"Question2\": {\"question\": \"jybguygiuy\", \"correctOption\": \"uyguyguy\"}}, \"Section2\": {\"Question1\": {\"question\": \" gvjhgvjhgkjh\", \"correctOption\": \"hgfchgf\"}}, \"Section3\": {\"Question1\": {\"question\": \"iuhiufgjhg\", \"correctOption\": \"kjhkj\"}}, \"AssessmentID\": \"3\"}','{\"Message\": \"Unfortunately, you have not met the passing criteria for the exam.\", \"Section1\": 0, \"Section2\": 0, \"Section3\": 0, \"TotalScore\": 0, \"SecuredPercentage\": \"0\"}','QGI470','2023-06-28 16:15:30',''),(3,'14','{\"Remarks\": \"Switched to Another window so auto Submitting the Assessment.\", \"Section1\": {\"Question1\": {\"question\": \"Myuytvyutrtvdfugbhljkhk\", \"correctOption\": \"jytrfyctwxr4eryt\"}, \"Question2\": {\"question\": \"ok or not ok\", \"correctOption\": \"True\"}, \"Question3\": {\"question\": \"htrcyukfjyjtfytjh\", \"correctOption\": \"jtrectrdyut\"}}, \"Section2\": {\"Question1\": {\"question\": \"skiuyriuyiruyier7fiue\", \"correctOption\": \"True\"}, \"Question2\": {\"question\": \"wjrytfuysgbkuygduje\", \"correctOption\": \"zuyrgbkeuygruyfe\"}, \"Question3\": {\"question\": \"pkuyrgtiufebgeurfer\", \"correctOption\": \"True\"}}, \"AssessmentID\": \"14\"}','{\"Message\": \"Unfortunately, you have not met the passing criteria for the exam.\", \"Section1\": 4, \"Section2\": 5, \"TotalScore\": 9, \"SecuredPercentage\": \"28\"}','QGI481','2023-06-28 17:42:47','Switched to Another window so auto Submitting the Assessment.'),(4,'14','{\"Remarks\": \"N/A\", \"Section1\": {\"Question1\": {\"question\": \"Myuytvyutrtvdfugbhljkhk\", \"correctOption\": \"jytrfyctwxr4eryt\"}, \"Question2\": {\"question\": \"ok or not ok\", \"correctOption\": \"True\"}, \"Question3\": {\"question\": \"htrcyukfjyjtfytjh\", \"correctOption\": \"jtrectrdyut\"}}, \"Section2\": {\"Question1\": {\"question\": \"skiuyriuyiruyier7fiue\", \"correctOption\": \"False\"}, \"Question2\": {\"question\": \"wjrytfuysgbkuygduje\", \"correctOption\": \"zuyrgbkeuygruyfe\"}, \"Question3\": {\"question\": \"pkuyrgtiufebgeurfer\", \"correctOption\": \"False\"}}, \"AssessmentID\": \"14\"}','{\"Result\": \"Not Cleared\", \"Message\": \"Unfortunately, you have not met the passing criteria for the exam.\", \"Section1\": 4, \"Section2\": 4, \"TotalScore\": 8, \"SecuredPercentage\": \"25\"}','QGI495','2023-06-28 18:00:40','N/A');
/*!40000 ALTER TABLE `responces` ENABLE KEYS */;
UNLOCK TABLES;

--
-- Table structure for table `userlogin`
--

DROP TABLE IF EXISTS `userlogin`;
/*!40101 SET @saved_cs_client     = @@character_set_client */;
/*!50503 SET character_set_client = utf8mb4 */;
CREATE TABLE `userlogin` (
  `empId` varchar(50) NOT NULL,
  `employeeName` varchar(255) NOT NULL,
  `email` varchar(255) NOT NULL,
  `role` varchar(255) NOT NULL,
  `password` varchar(225) NOT NULL,
  `lastSeen` datetime DEFAULT NULL,
  PRIMARY KEY (`empId`)
) ENGINE=InnoDB DEFAULT CHARSET=utf8mb4 COLLATE=utf8mb4_0900_ai_ci;
/*!40101 SET character_set_client = @saved_cs_client */;

--
-- Dumping data for table `userlogin`
--

LOCK TABLES `userlogin` WRITE;
/*!40000 ALTER TABLE `userlogin` DISABLE KEYS */;
INSERT INTO `userlogin` VALUES ('QGI353','Jyotirmaya Jena','jyotirmaya.jena@quadgenwireless.com','Admin','User$123','2023-05-23 21:58:23'),('QGI454','Mahesh Bopparapu','mahesh.bopparapu@quadgenwireless.com','Employee','User$123','2023-06-27 18:32:30'),('QGI458','Lokesh Akurathi','lokesh.akurathi@quadgenwireless.com','Employee','User$123','2023-06-28 12:38:12'),('QGI465','Gagan Kumar Behura','gagan.behura@quadgenwireless.com','Trainer','User$123','2023-06-28 16:38:24'),('QGI466','Ashutosh Nayak','ashutosh.nayak@quadgenwireless.com','Employee','User$123','2023-06-27 18:18:35'),('QGI468','Kiran Pratap Singh Nayak','kiranpratapsingh.nayak@quadgenwireless.com','Employee','User$123','2023-06-16 18:10:34'),('QGI469','Satyajeet behera','satyajeet.behera@quadgenwireless.com','Trainer','User$123','2023-06-27 18:25:35'),('QGI470','Abinash Garnaik','abinash.garnaik@quadgenwireless.com','Employee','User$123','2023-06-28 16:49:03'),('QGI471','Satyaki Biswas','satyaki.biswas@quadgenwireless.com','Employee','User$123','2023-06-05 16:27:59'),('QGI472','Atul Prasad Samantaray','atulprasad.samantaray@quadgenwireless.com','Employee','User$123','2023-06-02 18:55:32'),('QGI473','Happy Prasad Nath','happy.nath@quadgenwireless.com','Trainer','User$123','2023-05-29 11:01:23'),('QGI474','Rabishankar Rath','rabishankar.rath@quadgenwireless.com','Employee','User$123','2023-06-27 17:49:25'),('QGI475','Ajitesh Pattanayak','ajitesh.pattanayak@quadgenwireless.com','Trainer','User$123','2023-05-29 17:55:33'),('QGI476','Sandeep Maharana','sandeep.maharana@quadgenwireless.com','Employee','User$123','2023-06-27 16:10:37'),('QGI478','Bibhuti Rout','bibhuti.rout@quadgenwireless.com','Trainer','User$123','2023-06-28 18:00:40'),('QGI480','Amit Kumar Das','amitkumar.das@quadgenwireless.com','Employee','User$123','2023-06-21 16:34:57'),('QGI481','Saktisuman Pradhan','saktisuman.pradhan@quadgenwireless.com','Employee','User$123','2023-06-28 17:58:07'),('QGI482','Anurag Padhy','anurag.padhy@quadgenwireless.com','Trainer','User$123',NULL),('QGI484','Pabitra Nanda','pabitra.nanda@quadgenwireless.com','Trainer','User$123',NULL),('QGI495','Sunita Behera','sunita.behera@quadgenwireless.com','Employee','User$123','2023-06-28 18:00:40'),('QGI496','Shakti Swaroop Mahapatra','shaktiswaroop.mahapatra@quadgenwireless.com','Trainer','User$123','2023-06-26 10:00:12'),('QGI497','Linu Padhan','linu.padhan@quadgenwireless.com','Employee','User$123','2023-06-05 18:40:19'),('QGI498','Khirodra Behera','khirodra.behera@quadgenwireless.com','Trainer','User$123','2023-06-02 19:20:26'),('QGI499','Supritee Mahali','supritee.mahali@quadgenwireless.com','Employee','User$123',NULL),('QGI500','Smaranika Rath','smaranika.rath@quadgenwireless.com','Trainer','User$123',NULL),('QGI501','Bijayananda Behara','bijayananda.behera@quadgenwireless.com','Employee','User$123',NULL),('QGI502','Swaraj Laxmi Mallick','swarajlaxmi.mallick@quadgenwireless.com','Trainer','User$123',NULL),('QGI503','Dhanmay Sharma','dhanmya.sharma@quadgenwireless.com','Employee','User$123',NULL),('QGI504','Ajit Kumar','ajit.kumar@quadgenwireless.com','Trainer','User$123',NULL),('QGI505','Khahnu Charan Mohanty','kahnu.mohanty@quadgenwireless.com','Employee','User$123',NULL),('QGI506','Pravakara Singh','pravakara.singh@quadgenwireless.com','Trainer','User$123',NULL),('QGI511','Braja Kishore Rout','brajakishore.rout@quadgenwireless.com','Employee','User$123',NULL),('QGI512','Sangram Nayak','sangram.nayak@quadgenwireless.com','Trainer','User$123',NULL),('QGI513','Sukadev Majhi','sukadev.majhi@quadgenwireless.com','Employee','User$123',NULL),('QGI514','Kamala Kanta Nayak','kamalakanta.nayak@quadgenwireless.com','Trainer','User$123',NULL),('QGI515','Bibhuti Bhusan Lenka','bibhutibhusan.lenka@quadgenwireless.com','Employee','User$123',NULL),('QGI516','Subhakanta Behera','subhakanta.behera@quadgenwireless.com','Trainer','User$123',NULL),('QGI518','Ankita Ojha','ankita.ojha@quadgenwireless.com','Employee','User$123',NULL),('QGI519','Deepak Kumar Jena','deepakkumar.jena@quadgenwireless.com','Trainer','User$123',NULL),('QGI521','Chinmayee Priyadarsini Khatua','chinmayeepriyadarsini.khatua@quadgenwireless.com','Employee','User$123',NULL),('QGI524','Chiranjit Sahoo','chiranjit.sahoo@quadgenwireless.com','Trainer','User$123',NULL),('QGI526','Pradyumna Kumar Jena','pradyumnakumar.jena@quadgenwireless.com','Employee','User$123',NULL),('QGI530','Rajesh Kumar Sahoo','rajeshkumar.sahoo@quadgenwireless.com','Trainer','User$123','2023-06-16 18:10:34'),('QGI531','Rakesh Shantinath Chavare','rakeshshantinath.chavare@quadgenwireless.com','Employee','User$123',NULL),('QGI532','Kamal Kumar Samal','kamalkumar.samal@quadgenwireless.com','Trainer','User$123','2023-05-26 15:47:45'),('QGI533','Kaleram Durga Prasad Baskey','kaleramdurgaprasad.baskey@quadgenwireless.com','Employee','User$123',NULL),('QGI535','Jully Lohar','jully.lohar@quadgenwireless.com','Employee','User$123',NULL),('QGI536','Sanigdha Mohanty','sanigdha.mohanty@quadgenwireless.com','Employee','User$123',NULL),('QGI537','Geetanjali Mallick','geetanjali.mallick@quadgenwireless.com','Employee','User$123',NULL),('QGI538','Biswajita Routray','biswajitha.routray@quadgenwireless.com','Employee','User$123',NULL),('QGI539','Priyabrata Behera','priyabrata.behera@quadgenwireless.com','Employee','User$123',NULL),('QGI541','Khetra Suna','khetra.suna@quadgenwireless.com','Employee','User$123',NULL),('QGI543','Sumit Kumar Sahani','sumitkumar.sahani@quadgenwireless.com','Employee','User$123',NULL),('QGI553','Swati Swarupa Rajguru','swati.rajguru@quadgenwireless.com','Employee','User$123',NULL),('QGI554','Kalinga Kumar Biswal','kalinga.biswal@quadgenwireless.com','Employee','User$123',NULL),('QGI556','Smitaranjan Samantaray','smitaranjan.samantaray@quadgenwireless.com','Employee','User$123',NULL),('QGI557','Sudhansu Prasad routray','sudhansu.routray@quadgenwireless.com','Employee','User$123',NULL),('QGI558','Biswa Ranjan Behera','biswa.behera@quadgenwireless.com','Employee','User$123',NULL),('QGI562','Suryakanta Murudi','suryakanta.murudi@quadgenwireless.com','Employee','User$123','2023-06-02 19:14:24'),('QGI563','Mayank Jain','mayank.jain@quadgenwireless.com','Employee','User$123',NULL),('QGI567','Pavan kumar Anugula','pavankumar.anugula@quadgenwireless.com','Employee','User$123',NULL),('QGI568','Mohammed Takir Khan','mdtakir.khan@quadgenwireless.com','Employee','User$123',NULL),('QGI570','Damodar Yarrapotu','damodar.yarrapotu@quadgenwireless.com','Employee','User$123',NULL),('QGIA417','Saumya Ranjan Behera','soumyaranjan.b@quadgenwireless.com','Employee','User$123',NULL),('QGIA587','Biswajit Bhoi','biswajit.bhoi@quadgenwireless.com','Employee','User$123',NULL);
/*!40000 ALTER TABLE `userlogin` ENABLE KEYS */;
UNLOCK TABLES;
/*!40103 SET TIME_ZONE=@OLD_TIME_ZONE */;

/*!40101 SET SQL_MODE=@OLD_SQL_MODE */;
/*!40014 SET FOREIGN_KEY_CHECKS=@OLD_FOREIGN_KEY_CHECKS */;
/*!40014 SET UNIQUE_CHECKS=@OLD_UNIQUE_CHECKS */;
/*!40101 SET CHARACTER_SET_CLIENT=@OLD_CHARACTER_SET_CLIENT */;
/*!40101 SET CHARACTER_SET_RESULTS=@OLD_CHARACTER_SET_RESULTS */;
/*!40101 SET COLLATION_CONNECTION=@OLD_COLLATION_CONNECTION */;
/*!40111 SET SQL_NOTES=@OLD_SQL_NOTES */;

-- Dump completed on 2023-06-30 20:35:54
